Measurement, 50.0, 14:25:23, 2017-08-19,
Measurement, 50.0, 14:24:22, 2017-08-19,
Measurement, 50.0, 14:23:22, 2017-08-19,
Measurement, 50.0, 14:22:21, 2017-08-19,
Measurement, 50.0, 14:21:20, 2017-08-19,
Measurement, 50.0, 14:20:20, 2017-08-19,
Measurement, 50.0, 14:19:19, 2017-08-19,
Measurement, 50.0, 14:18:18, 2017-08-19,
Measurement, 50.0, 14:17:17, 2017-08-19,
Measurement, 50.0, 14:16:17, 2017-08-19,
Measurement, 50.0, 14:15:16, 2017-08-19,
Measurement, 50.0, 14:14:15, 2017-08-19,
Measurement, 50.0, 14:13:14, 2017-08-19,
Measurement, 50.0, 14:12:13, 2017-08-19,
Measurement, 50.0, 14:11:13, 2017-08-19,
Measurement, 50.0, 14:10:12, 2017-08-19,
Measurement, 50.0, 14:09:11, 2017-08-19,
Measurement, 50.0, 14:08:10, 2017-08-19,
Measurement, 50.0, 14:07:10, 2017-08-19,
Measurement, 50.0, 14:06:09, 2017-08-19,
Measurement, 50.0, 14:05:08, 2017-08-19,
Measurement, 50.0, 14:04:07, 2017-08-19,
Measurement, 50.0, 14:03:07, 2017-08-19,
Measurement, 50.0, 14:02:06, 2017-08-19,
Measurement, 50.0, 14:01:05, 2017-08-19,
Measurement, 50.0, 14:00:04, 2017-08-19,
Measurement, 50.0, 13:59:03, 2017-08-19,
Measurement, 50.0, 13:58:03, 2017-08-19,
Measurement, 50.0, 13:57:02, 2017-08-19,
Measurement, 50.0, 13:56:01, 2017-08-19,
Measurement, 50.0, 13:55:00, 2017-08-19,
Measurement, 50.0, 13:54:00, 2017-08-19,
Measurement, 50.0, 13:52:59, 2017-08-19,
Measurement, 50.0, 13:51:58, 2017-08-19,
Measurement, 50.0, 13:50:58, 2017-08-19,
Measurement, 50.0, 13:49:57, 2017-08-19,
Measurement, 50.0, 13:48:56, 2017-08-19,
Measurement, 50.0, 13:47:55, 2017-08-19,
Measurement, 50.0, 13:46:55, 2017-08-19,
Measurement, 50.0, 13:45:54, 2017-08-19,
Measurement, 50.0, 13:44:53, 2017-08-19,
Measurement, 50.0, 13:43:52, 2017-08-19,
Measurement, 50.0, 13:42:52, 2017-08-19,
Measurement, 50.0, 13:41:51, 2017-08-19,
Measurement, 59.83, 13:40:50, 2017-08-19,
Measurement, 61.44, 13:39:49, 2017-08-19,
Measurement, 62.53, 13:38:48, 2017-08-19,
Measurement, 121.0, 13:37:48, 2017-08-19,
Measurement, 85.34, 13:36:47, 2017-08-19,
Measurement, 101.67, 13:35:46, 2017-08-19,
Measurement, 74.95, 13:34:46, 2017-08-19,
Measurement, 72.53, 13:33:45, 2017-08-19,
Measurement, 78.82, 13:32:44, 2017-08-19,
Measurement, 84.47, 13:31:43, 2017-08-19,
Measurement, 77.76, 13:30:43, 2017-08-19,
Measurement, 70.41, 13:29:42, 2017-08-19,
Measurement, 72.62, 13:28:41, 2017-08-19,
Measurement, 70.08, 13:27:40, 2017-08-19,
Measurement, 72.66, 13:26:40, 2017-08-19,
Measurement, 76.91, 13:25:39, 2017-08-19,
Measurement, 78.53, 13:24:38, 2017-08-19,
Measurement, 70.93, 13:23:38, 2017-08-19,
Measurement, 73.22, 13:22:37, 2017-08-19,
Measurement, 83.79, 13:21:36, 2017-08-19,
Measurement, 69.31, 13:20:35, 2017-08-19,
Measurement, 76.49, 13:19:34, 2017-08-19,
Measurement, 73.97, 13:18:34, 2017-08-19,
Measurement, 71.55, 13:17:33, 2017-08-19,
Measurement, 80.35, 13:16:32, 2017-08-19,
Measurement, 75.49, 13:15:32, 2017-08-19,
Measurement, 74.38, 13:14:31, 2017-08-19,
Measurement, 74.26, 13:13:30, 2017-08-19,
Measurement, 73.51, 13:12:30, 2017-08-19,
Measurement, 71.83, 13:11:29, 2017-08-19,
Measurement, 72.76, 13:10:28, 2017-08-19,
Measurement, 70.62, 13:09:27, 2017-08-19,
Measurement, 72.27, 13:08:27, 2017-08-19,
Measurement, 76.52, 13:07:26, 2017-08-19,
Measurement, 76.06, 13:06:25, 2017-08-19,
Measurement, 70.76, 13:05:24, 2017-08-19,
Measurement, 75.68, 13:04:24, 2017-08-19,
Measurement, 71.33, 13:03:23, 2017-08-19,
Measurement, 72.8, 13:02:22, 2017-08-19,
Measurement, 78.44, 13:01:22, 2017-08-19,
Measurement, 73.81, 13:00:21, 2017-08-19,
Measurement, 76.89, 12:59:20, 2017-08-19,
Measurement, 73.52, 12:58:20, 2017-08-19,
Measurement, 75.62, 12:57:19, 2017-08-19,
Measurement, 76.76, 12:56:18, 2017-08-19,
Measurement, 72.78, 12:55:18, 2017-08-19,
Measurement, 72.43, 12:54:17, 2017-08-19,
Measurement, 79.33, 12:53:16, 2017-08-19,
Measurement, 71.74, 12:52:15, 2017-08-19,
Measurement, 71.22, 12:51:15, 2017-08-19,
Measurement, 71.9, 12:50:14, 2017-08-19,
Measurement, 70.92, 12:49:13, 2017-08-19,
Measurement, 75.83, 12:48:12, 2017-08-19,
Measurement, 71.45, 12:47:12, 2017-08-19,
Measurement, 76.94, 12:46:11, 2017-08-19,
Measurement, 71.62, 12:45:10, 2017-08-19,
Measurement, 77.07, 12:44:10, 2017-08-19,
Measurement, 68.63, 12:43:09, 2017-08-19,
Measurement, 73.23, 12:42:08, 2017-08-19,
Measurement, 71.51, 12:41:07, 2017-08-19,
Measurement, 90.48, 12:40:06, 2017-08-19,
Measurement, 75.82, 12:39:06, 2017-08-19,
Measurement, 69.55, 12:38:05, 2017-08-19,
Measurement, 76.14, 12:37:04, 2017-08-19,
Measurement, 71.64, 12:36:03, 2017-08-19,
Measurement, 76.28, 12:35:03, 2017-08-19,
Measurement, 74.71, 12:34:02, 2017-08-19,
Measurement, 80.24, 12:33:01, 2017-08-19,
Measurement, 76.37, 12:32:00, 2017-08-19,
Measurement, 78.21, 12:30:59, 2017-08-19,
Measurement, 83.73, 12:29:59, 2017-08-19,
Measurement, 79.94, 12:28:58, 2017-08-19,
Measurement, 77.24, 12:27:57, 2017-08-19,
Measurement, 88.08, 12:26:56, 2017-08-19,
Measurement, 75.99, 12:25:56, 2017-08-19,
Measurement, 75.55, 12:24:55, 2017-08-19,
Measurement, 77.02, 12:23:54, 2017-08-19,
Measurement, 77.51, 12:22:53, 2017-08-19,
Measurement, 77.36, 12:21:53, 2017-08-19,
Measurement, 79.19, 12:20:52, 2017-08-19,
Measurement, 75.13, 12:19:51, 2017-08-19,
Measurement, 74.04, 12:18:51, 2017-08-19,
Measurement, 71.96, 12:17:50, 2017-08-19,
Measurement, 74.87, 12:16:49, 2017-08-19,
Measurement, 70.68, 12:15:49, 2017-08-19,
Measurement, 75.49, 12:14:48, 2017-08-19,
Measurement, 74.27, 12:13:47, 2017-08-19,
Measurement, 77.67, 12:12:46, 2017-08-19,
Measurement, 71.79, 12:11:46, 2017-08-19,
Measurement, 74.44, 12:10:45, 2017-08-19,
Measurement, 76.49, 12:09:44, 2017-08-19,
Measurement, 79.9, 12:08:43, 2017-08-19,
Measurement, 74.3, 12:07:43, 2017-08-19,
Measurement, 76.8, 12:06:42, 2017-08-19,
Measurement, 69.29, 12:05:41, 2017-08-19,
Measurement, 79.29, 12:04:41, 2017-08-19,
Measurement, 73.62, 12:03:40, 2017-08-19,
Measurement, 71.54, 12:02:39, 2017-08-19,
Measurement, 76.54, 12:01:39, 2017-08-19,
Measurement, 74.52, 12:00:38, 2017-08-19,
Measurement, 73.5, 11:59:37, 2017-08-19,
Measurement, 72.93, 11:58:36, 2017-08-19,
Measurement, 72.59, 11:57:36, 2017-08-19,
Measurement, 73.62, 11:56:35, 2017-08-19,
Measurement, 73.8, 11:55:34, 2017-08-19,
Measurement, 69.48, 11:54:34, 2017-08-19,
Measurement, 69.44, 11:53:33, 2017-08-19,
Measurement, 67.16, 11:52:32, 2017-08-19,
Measurement, 68.92, 11:51:31, 2017-08-19,
Measurement, 73.04, 11:50:30, 2017-08-19,
Measurement, 81.38, 11:49:29, 2017-08-19,
Measurement, 78.09, 11:48:28, 2017-08-19,
Measurement, 79.48, 11:47:27, 2017-08-19,
Measurement, 77.37, 11:46:27, 2017-08-19,
Measurement, 73.59, 11:45:26, 2017-08-19,
Measurement, 72.08, 11:44:24, 2017-08-19,
Measurement, 69.9, 11:43:24, 2017-08-19,
Measurement, 76.71, 11:42:23, 2017-08-19,
Measurement, 79.97, 11:41:22, 2017-08-19,
Measurement, 75.08, 11:40:22, 2017-08-19,
Measurement, 73.18, 11:39:21, 2017-08-19,
Measurement, 71.49, 11:38:20, 2017-08-19,
Measurement, 77.51, 11:37:20, 2017-08-19,
Measurement, 73.88, 11:36:19, 2017-08-19,
Measurement, 67.93, 11:35:18, 2017-08-19,
Measurement, 113.55, 11:34:18, 2017-08-19,
Measurement, 88.45, 11:33:17, 2017-08-19,
Measurement, 78.88, 11:32:16, 2017-08-19,
Measurement, 78.71, 11:31:16, 2017-08-19,
Measurement, 86.28, 11:30:15, 2017-08-19,
Measurement, 79.17, 11:29:14, 2017-08-19,
Measurement, 96.09, 11:28:13, 2017-08-19,
Measurement, 75.29, 11:27:13, 2017-08-19,
Measurement, 85.53, 11:26:12, 2017-08-19,
Measurement, 82.67, 11:25:11, 2017-08-19,
Measurement, 93.43, 11:24:11, 2017-08-19,
Measurement, 95.89, 11:23:10, 2017-08-19,
Measurement, 96.0, 11:22:09, 2017-08-19,
Measurement, 92.17, 11:21:09, 2017-08-19,
Measurement, 92.37, 11:20:08, 2017-08-19,
Measurement, 86.03, 11:19:07, 2017-08-19,
Measurement, 75.32, 11:18:07, 2017-08-19,
Measurement, 79.2, 11:17:06, 2017-08-19,
Measurement, 81.69, 11:16:05, 2017-08-19,
Measurement, 85.82, 11:15:05, 2017-08-19,
Measurement, 72.19, 11:14:04, 2017-08-19,
Measurement, 85.25, 11:13:03, 2017-08-19,
Measurement, 82.07, 11:12:03, 2017-08-19,
Measurement, 97.73, 11:11:02, 2017-08-19,
Measurement, 83.78, 11:10:01, 2017-08-19,
Measurement, 77.87, 11:09:00, 2017-08-19,
Measurement, 75.33, 11:08:00, 2017-08-19,
Measurement, 73.64, 11:06:59, 2017-08-19,
Measurement, 86.39, 11:05:58, 2017-08-19,
Measurement, 91.39, 11:04:58, 2017-08-19,
Measurement, 82.29, 11:03:57, 2017-08-19,
Measurement, 75.73, 11:02:56, 2017-08-19,
Measurement, 77.45, 11:01:55, 2017-08-19,
Measurement, 75.78, 11:00:55, 2017-08-19,
Measurement, 75.27, 10:59:54, 2017-08-19,
Measurement, 73.38, 10:58:53, 2017-08-19,
Measurement, 76.41, 10:57:53, 2017-08-19,
Measurement, 79.5, 10:56:52, 2017-08-19,
Measurement, 80.07, 10:55:51, 2017-08-19,
Measurement, 76.87, 10:54:51, 2017-08-19,
Measurement, 85.11, 10:53:50, 2017-08-19,
Measurement, 88.45, 10:52:49, 2017-08-19,
Measurement, 81.5, 10:51:48, 2017-08-19,
Measurement, 81.86, 10:50:48, 2017-08-19,
Measurement, 77.9, 10:49:47, 2017-08-19,
Measurement, 82.76, 10:48:46, 2017-08-19,
Measurement, 85.06, 10:47:45, 2017-08-19,
Measurement, 73.28, 10:46:45, 2017-08-19,
Measurement, 89.57, 10:45:44, 2017-08-19,
Measurement, 79.49, 10:44:43, 2017-08-19,
Measurement, 82.14, 10:43:43, 2017-08-19,
Measurement, 79.15, 10:42:42, 2017-08-19,
Measurement, 76.84, 10:41:41, 2017-08-19,
Measurement, 75.48, 10:40:41, 2017-08-19,
Measurement, 79.12, 10:39:40, 2017-08-19,
Measurement, 74.86, 10:38:39, 2017-08-19,
Measurement, 79.97, 10:37:39, 2017-08-19,
Measurement, 78.75, 10:36:38, 2017-08-19,
Measurement, 84.08, 22:47:36, 2017-08-17,
Measurement, 101.44, 22:46:35, 2017-08-17,
Measurement, 81.39, 22:45:35, 2017-08-17,
Measurement, 82.7, 22:44:34, 2017-08-17,
Measurement, 78.13, 22:43:34, 2017-08-17,
Measurement, 80.6, 22:42:33, 2017-08-17,
Measurement, 78.09, 22:41:33, 2017-08-17,
Measurement, 74.18, 22:40:26, 2017-08-17,
Measurement, 77.65, 22:40:16, 2017-08-17,
Measurement, 79.06, 22:40:05, 2017-08-17,
Measurement, 99.89, 22:39:55, 2017-08-17,
Measurement, 90.69, 22:39:44, 2017-08-17,
Measurement, 80.2, 22:39:34, 2017-08-17,
Measurement, 77.7, 22:39:23, 2017-08-17,
Measurement, 80.61, 22:39:13, 2017-08-17,
Measurement, 77.74, 22:39:02, 2017-08-17,
Measurement, 75.0, 22:38:52, 2017-08-17,
Measurement, 77.89, 22:38:41, 2017-08-17,
Measurement, 81.44, 22:38:31, 2017-08-17,
Measurement, 77.14, 22:38:20, 2017-08-17,
Measurement, 79.44, 22:38:10, 2017-08-17,
Measurement, 81.4, 22:37:59, 2017-08-17,
Measurement, 82.64, 22:37:49, 2017-08-17,
Measurement, 82.14, 22:37:38, 2017-08-17,
Measurement, 78.77, 22:37:28, 2017-08-17,
Measurement, 76.33, 22:37:17, 2017-08-17,
Measurement, 78.12, 22:37:07, 2017-08-17,
Measurement, 83.85, 22:36:56, 2017-08-17,
Measurement, 88.17, 22:36:46, 2017-08-17,
Measurement, 84.13, 22:36:35, 2017-08-17,
Measurement, 82.18, 22:36:25, 2017-08-17,
Measurement, 82.18, 22:36:14, 2017-08-17,
Measurement, 81.91, 22:36:04, 2017-08-17,
Measurement, 82.07, 22:35:53, 2017-08-17,
Measurement, 79.61, 22:35:43, 2017-08-17,
Measurement, 80.86, 22:35:32, 2017-08-17,
Measurement, 81.46, 22:35:22, 2017-08-17,
Measurement, 79.12, 22:35:11, 2017-08-17,
Measurement, 79.01, 22:35:01, 2017-08-17,
Measurement, 81.54, 22:34:50, 2017-08-17,
Measurement, 77.11, 22:34:40, 2017-08-17,
Measurement, 80.68, 22:34:29, 2017-08-17,
Measurement, 83.67, 22:34:19, 2017-08-17,
Measurement, 84.48, 22:34:08, 2017-08-17,
Measurement, 82.83, 22:33:58, 2017-08-17,
Measurement, 82.71, 22:33:47, 2017-08-17,
Measurement, 84.62, 22:33:37, 2017-08-17,
Measurement, 81.56, 22:33:26, 2017-08-17,
Measurement, 85.65, 22:33:16, 2017-08-17,
Measurement, 85.51, 22:33:05, 2017-08-17,
Measurement, 85.42, 22:32:55, 2017-08-17,
Measurement, 85.71, 22:32:44, 2017-08-17,
Measurement, 82.1, 22:32:34, 2017-08-17,
Measurement, 80.01, 22:32:23, 2017-08-17,
Measurement, 84.5, 22:32:13, 2017-08-17,
Measurement, 86.6, 22:32:02, 2017-08-17,
Measurement, 83.02, 22:31:52, 2017-08-17,
Measurement, 83.86, 22:31:41, 2017-08-17,
Measurement, 78.34, 22:31:31, 2017-08-17,
Measurement, 77.54, 22:31:20, 2017-08-17,
Measurement, 73.95, 22:31:10, 2017-08-17,
Measurement, 93.92, 22:30:59, 2017-08-17,
Measurement, 89.46, 22:30:49, 2017-08-17,
Measurement, 82.88, 22:30:38, 2017-08-17,
Measurement, 81.53, 22:30:28, 2017-08-17,
Measurement, 82.6, 22:30:17, 2017-08-17,
Measurement, 81.57, 22:30:07, 2017-08-17,
Measurement, 80.22, 22:29:56, 2017-08-17,
Measurement, 78.49, 22:29:46, 2017-08-17,
Measurement, 85.39, 22:29:35, 2017-08-17,
Measurement, 83.01, 22:29:25, 2017-08-17,
Measurement, 78.34, 22:29:14, 2017-08-17,
Measurement, 90.03, 22:29:04, 2017-08-17,
Measurement, 94.53, 22:28:53, 2017-08-17,
Measurement, 84.08, 22:28:43, 2017-08-17,
Measurement, 79.73, 22:28:33, 2017-08-17,
Measurement, 78.93, 22:28:22, 2017-08-17,
Measurement, 79.62, 22:28:12, 2017-08-17,
Measurement, 81.4, 22:28:01, 2017-08-17,
Measurement, 79.9, 22:27:51, 2017-08-17,
Measurement, 77.65, 22:27:40, 2017-08-17,
Measurement, 78.27, 22:27:30, 2017-08-17,
Measurement, 76.29, 22:27:19, 2017-08-17,
Measurement, 81.19, 22:27:09, 2017-08-17,
Measurement, 78.5, 22:26:58, 2017-08-17,
Measurement, 83.53, 22:26:48, 2017-08-17,
Measurement, 80.51, 22:26:37, 2017-08-17,
Measurement, 90.95, 22:26:27, 2017-08-17,
Measurement, 90.1, 22:26:16, 2017-08-17,
Measurement, 77.56, 22:26:06, 2017-08-17,
Measurement, 76.68, 22:25:55, 2017-08-17,
Measurement, 76.45, 22:25:45, 2017-08-17,
Measurement, 83.9, 22:25:34, 2017-08-17,
Measurement, 91.62, 22:25:24, 2017-08-17,
Measurement, 82.76, 22:25:13, 2017-08-17,
Measurement, 80.67, 22:25:03, 2017-08-17,
Measurement, 83.07, 22:24:52, 2017-08-17,
Measurement, 81.84, 22:24:42, 2017-08-17,
Measurement, 80.09, 22:24:31, 2017-08-17,
Measurement, 79.42, 22:24:21, 2017-08-17,
Measurement, 75.79, 22:24:11, 2017-08-17,
Measurement, 80.0, 22:24:00, 2017-08-17,
Measurement, 78.96, 22:23:50, 2017-08-17,
Measurement, 78.16, 22:23:39, 2017-08-17,
Measurement, 77.91, 22:23:29, 2017-08-17,
Measurement, 75.33, 22:23:18, 2017-08-17,
Measurement, 81.14, 22:23:08, 2017-08-17,
Measurement, 87.75, 22:22:57, 2017-08-17,
Measurement, 88.8, 22:22:47, 2017-08-17,
Measurement, 82.14, 22:22:36, 2017-08-17,
Measurement, 77.65, 22:22:26, 2017-08-17,
Measurement, 80.42, 22:22:15, 2017-08-17,
Measurement, 80.86, 22:22:05, 2017-08-17,
Measurement, 82.97, 22:21:54, 2017-08-17,
Measurement, 84.92, 22:21:44, 2017-08-17,
Measurement, 78.13, 22:21:34, 2017-08-17,
Measurement, 73.7, 22:21:23, 2017-08-17,
Measurement, 76.85, 22:21:13, 2017-08-17,
Measurement, 76.0, 22:21:02, 2017-08-17,
Measurement, 74.58, 22:20:52, 2017-08-17,
Measurement, 74.79, 22:20:41, 2017-08-17,
Measurement, 72.99, 22:20:31, 2017-08-17,
Measurement, 77.09, 22:20:20, 2017-08-17,
Measurement, 74.8, 22:20:10, 2017-08-17,
Measurement, 82.85, 22:19:59, 2017-08-17,
Measurement, 95.82, 22:19:49, 2017-08-17,
Measurement, 95.22, 22:19:38, 2017-08-17,
Measurement, 78.9, 22:19:28, 2017-08-17,
Measurement, 82.81, 22:19:17, 2017-08-17,
Measurement, 84.21, 22:19:07, 2017-08-17,
Measurement, 83.18, 22:18:56, 2017-08-17,
Measurement, 82.84, 22:18:46, 2017-08-17,
Measurement, 82.5, 22:18:35, 2017-08-17,
Measurement, 79.92, 22:18:25, 2017-08-17,
Measurement, 86.05, 22:18:14, 2017-08-17,
Measurement, 86.63, 22:18:04, 2017-08-17,
Measurement, 82.98, 22:17:54, 2017-08-17,
Measurement, 78.97, 22:17:43, 2017-08-17,
Measurement, 81.63, 22:17:33, 2017-08-17,
Measurement, 84.06, 22:17:22, 2017-08-17,
Measurement, 86.36, 22:17:12, 2017-08-17,
Measurement, 85.88, 22:17:01, 2017-08-17,
Measurement, 88.14, 22:16:51, 2017-08-17,
Measurement, 84.53, 22:16:40, 2017-08-17,
Measurement, 79.14, 22:16:30, 2017-08-17,
Measurement, 80.41, 22:16:19, 2017-08-17,
Measurement, 86.28, 22:16:09, 2017-08-17,
Measurement, 83.75, 22:15:58, 2017-08-17,
Measurement, 86.62, 22:15:48, 2017-08-17,
Measurement, 79.96, 22:15:38, 2017-08-17,
Measurement, 80.92, 22:15:27, 2017-08-17,
Measurement, 87.89, 22:15:17, 2017-08-17,
Measurement, 87.24, 22:15:06, 2017-08-17,
Measurement, 90.62, 22:14:56, 2017-08-17,
Measurement, 84.59, 22:14:45, 2017-08-17,
Measurement, 79.91, 22:14:35, 2017-08-17,
Measurement, 78.09, 22:14:24, 2017-08-17,
Measurement, 80.23, 22:14:14, 2017-08-17,
Measurement, 74.39, 22:14:03, 2017-08-17,
Measurement, 84.4, 22:13:53, 2017-08-17,
Measurement, 84.68, 22:13:43, 2017-08-17,
Measurement, 85.74, 22:13:32, 2017-08-17,
Measurement, 97.06, 22:13:22, 2017-08-17,
Measurement, 84.72, 22:13:11, 2017-08-17,
Measurement, 81.36, 22:13:01, 2017-08-17,
Measurement, 80.6, 22:12:50, 2017-08-17,
Measurement, 78.78, 22:12:40, 2017-08-17,
Measurement, 79.44, 22:12:29, 2017-08-17,
Measurement, 84.23, 22:12:19, 2017-08-17,
Measurement, 97.91, 22:12:08, 2017-08-17,
Measurement, 84.9, 22:11:58, 2017-08-17,
Measurement, 78.52, 22:11:47, 2017-08-17,
Measurement, 83.93, 22:11:37, 2017-08-17,
Measurement, 93.54, 22:11:26, 2017-08-17,
Measurement, 83.84, 22:11:16, 2017-08-17,
Measurement, 81.47, 22:11:06, 2017-08-17,
Measurement, 82.23, 22:10:55, 2017-08-17,
Measurement, 83.47, 22:10:45, 2017-08-17,
Measurement, 84.85, 22:10:34, 2017-08-17,
Measurement, 84.82, 22:10:24, 2017-08-17,
Measurement, 81.01, 22:10:13, 2017-08-17,
Measurement, 79.35, 22:10:03, 2017-08-17,
Measurement, 87.93, 22:09:52, 2017-08-17,
Measurement, 84.14, 22:09:42, 2017-08-17,
Measurement, 79.74, 22:09:31, 2017-08-17,
Measurement, 81.27, 22:09:21, 2017-08-17,
Measurement, 83.0, 22:09:11, 2017-08-17,
Measurement, 83.09, 22:09:00, 2017-08-17,
Measurement, 85.56, 22:08:50, 2017-08-17,
Measurement, 82.57, 22:08:39, 2017-08-17,
Measurement, 83.64, 22:08:29, 2017-08-17,
Measurement, 84.6, 22:08:18, 2017-08-17,
Measurement, 79.7, 22:08:08, 2017-08-17,
Measurement, 81.04, 22:07:57, 2017-08-17,
Measurement, 83.28, 22:07:47, 2017-08-17,
Measurement, 85.17, 22:07:37, 2017-08-17,
Measurement, 85.74, 22:07:26, 2017-08-17,
Measurement, 81.77, 22:07:16, 2017-08-17,
Measurement, 82.01, 22:07:05, 2017-08-17,
Measurement, 80.75, 22:06:55, 2017-08-17,
Measurement, 84.79, 22:06:44, 2017-08-17,
Measurement, 83.44, 22:06:34, 2017-08-17,
Measurement, 80.94, 22:06:23, 2017-08-17,
Measurement, 82.23, 22:06:13, 2017-08-17,
Measurement, 84.24, 22:06:03, 2017-08-17,
Measurement, 86.07, 22:05:52, 2017-08-17,
Measurement, 82.74, 22:05:42, 2017-08-17,
Measurement, 89.49, 22:05:31, 2017-08-17,
Measurement, 86.07, 22:05:21, 2017-08-17,
Measurement, 83.28, 22:05:10, 2017-08-17,
Measurement, 82.23, 22:05:00, 2017-08-17,
Measurement, 80.55, 22:04:49, 2017-08-17,
Measurement, 85.94, 22:04:39, 2017-08-17,
Measurement, 86.55, 22:04:28, 2017-08-17,
Measurement, 82.73, 22:04:18, 2017-08-17,
Measurement, 78.83, 22:04:08, 2017-08-17,
Measurement, 79.04, 22:03:57, 2017-08-17,
Measurement, 87.79, 22:03:47, 2017-08-17,
Measurement, 83.57, 22:03:36, 2017-08-17,
Measurement, 87.39, 22:03:26, 2017-08-17,
Measurement, 93.83, 22:03:15, 2017-08-17,
Measurement, 94.3, 22:03:05, 2017-08-17,
Measurement, 87.64, 22:02:54, 2017-08-17,
Measurement, 86.0, 22:02:44, 2017-08-17,
Measurement, 81.7, 22:02:34, 2017-08-17,
Measurement, 81.71, 22:02:23, 2017-08-17,
Measurement, 84.93, 22:02:13, 2017-08-17,
Measurement, 87.46, 22:02:02, 2017-08-17,
Measurement, 82.66, 22:01:52, 2017-08-17,
Measurement, 82.07, 22:01:41, 2017-08-17,
Measurement, 90.87, 22:01:31, 2017-08-17,
Measurement, 100.6, 22:01:20, 2017-08-17,
Measurement, 89.37, 22:01:10, 2017-08-17,
Measurement, 87.11, 22:01:00, 2017-08-17,
Measurement, 84.77, 22:00:49, 2017-08-17,
Measurement, 88.86, 22:00:39, 2017-08-17,
Measurement, 89.69, 22:00:28, 2017-08-17,
Measurement, 89.65, 22:00:18, 2017-08-17,
Measurement, 85.22, 22:00:07, 2017-08-17,
Measurement, 83.5, 21:59:57, 2017-08-17,
Measurement, 88.42, 21:59:47, 2017-08-17,
Measurement, 89.15, 21:59:36, 2017-08-17,
Measurement, 85.95, 21:59:26, 2017-08-17,
Measurement, 84.79, 21:59:15, 2017-08-17,
Measurement, 88.85, 21:59:05, 2017-08-17,
Measurement, 87.46, 21:58:54, 2017-08-17,
Measurement, 90.66, 21:58:44, 2017-08-17,
Measurement, 84.01, 21:58:34, 2017-08-17,
Measurement, 82.63, 21:58:23, 2017-08-17,
Measurement, 86.18, 21:58:13, 2017-08-17,
Measurement, 92.42, 21:58:02, 2017-08-17,
Measurement, 100.36, 21:57:52, 2017-08-17,
Measurement, 93.01, 21:57:41, 2017-08-17,
Measurement, 85.07, 21:57:31, 2017-08-17,
Measurement, 76.19, 21:57:20, 2017-08-17,
Measurement, 83.29, 21:57:10, 2017-08-17,
Measurement, 92.35, 21:57:00, 2017-08-17,
Measurement, 91.01, 21:56:49, 2017-08-17,
Measurement, 88.7, 21:56:39, 2017-08-17,
Measurement, 85.25, 21:56:28, 2017-08-17,
Measurement, 90.3, 21:56:18, 2017-08-17,
Measurement, 86.64, 21:56:07, 2017-08-17,
Measurement, 84.25, 21:55:57, 2017-08-17,
Measurement, 84.05, 21:55:47, 2017-08-17,
Measurement, 89.18, 21:55:36, 2017-08-17,
Measurement, 93.35, 21:55:26, 2017-08-17,
Measurement, 83.93, 21:55:15, 2017-08-17,
Measurement, 86.11, 21:55:05, 2017-08-17,
Measurement, 93.54, 21:54:54, 2017-08-17,
Measurement, 91.14, 21:54:44, 2017-08-17,
Measurement, 81.99, 21:54:33, 2017-08-17,
Measurement, 80.31, 21:54:23, 2017-08-17,
Measurement, 74.63, 21:54:13, 2017-08-17,
Measurement, 81.55, 21:54:02, 2017-08-17,
Measurement, 92.51, 21:53:52, 2017-08-17,
Measurement, 88.04, 21:53:41, 2017-08-17,
Measurement, 80.18, 21:53:31, 2017-08-17,
Measurement, 79.94, 21:53:21, 2017-08-17,
Measurement, 83.58, 21:53:10, 2017-08-17,
Measurement, 81.6, 21:53:00, 2017-08-17,
Measurement, 87.27, 21:52:49, 2017-08-17,
Measurement, 101.28, 21:52:39, 2017-08-17,
Measurement, 95.65, 21:52:28, 2017-08-17,
Measurement, 77.79, 21:52:18, 2017-08-17,
Measurement, 86.66, 21:52:07, 2017-08-17,
Measurement, 83.61, 21:51:57, 2017-08-17,
Measurement, 80.86, 21:51:46, 2017-08-17,
Measurement, 88.11, 21:51:36, 2017-08-17,
Measurement, 82.28, 21:51:26, 2017-08-17,
Measurement, 79.34, 21:51:15, 2017-08-17,
Measurement, 79.59, 21:51:05, 2017-08-17,
Measurement, 84.87, 21:50:54, 2017-08-17,
Measurement, 81.23, 21:50:44, 2017-08-17,
Measurement, 85.68, 21:50:34, 2017-08-17,
Measurement, 89.16, 21:50:23, 2017-08-17,
Measurement, 86.9, 21:50:13, 2017-08-17,
Measurement, 80.56, 21:50:02, 2017-08-17,
Measurement, 81.93, 21:49:52, 2017-08-17,
Measurement, 90.67, 21:49:41, 2017-08-17,
Measurement, 89.4, 21:49:31, 2017-08-17,
Measurement, 79.94, 21:49:21, 2017-08-17,
Measurement, 82.1, 21:49:10, 2017-08-17,
Measurement, 84.35, 21:49:00, 2017-08-17,
Measurement, 82.72, 21:48:49, 2017-08-17,
Measurement, 91.01, 21:48:39, 2017-08-17,
Measurement, 88.62, 21:48:28, 2017-08-17,
Measurement, 81.15, 21:48:18, 2017-08-17,
Measurement, 79.47, 21:48:07, 2017-08-17,
Measurement, 80.11, 21:47:57, 2017-08-17,
Measurement, 80.96, 21:47:47, 2017-08-17,
Measurement, 83.95, 21:47:36, 2017-08-17,
Measurement, 86.33, 21:47:26, 2017-08-17,
Measurement, 87.99, 21:47:15, 2017-08-17,
Measurement, 80.71, 21:47:05, 2017-08-17,
Measurement, 89.41, 21:46:54, 2017-08-17,
Measurement, 107.31, 21:46:44, 2017-08-17,
Measurement, 90.28, 21:46:34, 2017-08-17,
Measurement, 84.25, 21:46:23, 2017-08-17,
Measurement, 85.43, 21:46:13, 2017-08-17,
Measurement, 86.28, 21:46:02, 2017-08-17,
Measurement, 86.05, 21:45:52, 2017-08-17,
Measurement, 88.59, 21:45:42, 2017-08-17,
Measurement, 98.31, 21:45:31, 2017-08-17,
Measurement, 89.07, 21:45:21, 2017-08-17,
Measurement, 86.66, 21:45:10, 2017-08-17,
Measurement, 87.72, 21:45:00, 2017-08-17,
Measurement, 90.25, 21:44:49, 2017-08-17,
Measurement, 99.57, 21:44:39, 2017-08-17,
Measurement, 88.03, 21:44:29, 2017-08-17,
Measurement, 87.36, 21:44:18, 2017-08-17,
Measurement, 87.05, 21:44:08, 2017-08-17,
Measurement, 84.43, 21:43:57, 2017-08-17,
Measurement, 80.02, 21:43:47, 2017-08-17,
Measurement, 81.26, 21:43:36, 2017-08-17,
Measurement, 78.45, 21:43:26, 2017-08-17,
Measurement, 95.97, 21:43:16, 2017-08-17,
Measurement, 96.07, 21:43:05, 2017-08-17,
Measurement, 85.57, 21:42:55, 2017-08-17,
Measurement, 84.43, 21:42:44, 2017-08-17,
Measurement, 81.75, 21:42:34, 2017-08-17,
Measurement, 87.25, 21:42:23, 2017-08-17,
Measurement, 87.76, 21:42:13, 2017-08-17,
Measurement, 89.68, 21:42:03, 2017-08-17,
Measurement, 92.74, 21:41:52, 2017-08-17,
Measurement, 86.45, 21:41:42, 2017-08-17,
Measurement, 80.99, 21:41:31, 2017-08-17,
Measurement, 84.26, 21:41:21, 2017-08-17,
Measurement, 83.77, 21:41:11, 2017-08-17,
Measurement, 83.25, 21:41:00, 2017-08-17,
Measurement, 86.87, 21:40:50, 2017-08-17,
Measurement, 83.87, 21:40:39, 2017-08-17,
Measurement, 87.48, 21:40:29, 2017-08-17,
Measurement, 86.21, 21:40:18, 2017-08-17,
Measurement, 82.56, 21:40:08, 2017-08-17,
Measurement, 87.78, 21:39:58, 2017-08-17,
Measurement, 86.43, 21:39:47, 2017-08-17,
Measurement, 88.54, 21:39:37, 2017-08-17,
Measurement, 87.6, 21:39:26, 2017-08-17,
Measurement, 85.88, 21:39:16, 2017-08-17,
Measurement, 86.38, 21:39:06, 2017-08-17,
Measurement, 87.61, 21:38:55, 2017-08-17,
Measurement, 86.58, 21:38:45, 2017-08-17,
Measurement, 81.22, 21:38:34, 2017-08-17,
Measurement, 86.23, 21:38:24, 2017-08-17,
Measurement, 88.49, 21:38:13, 2017-08-17,
Measurement, 90.56, 21:38:03, 2017-08-17,
Measurement, 87.74, 21:37:53, 2017-08-17,
Measurement, 83.63, 21:37:42, 2017-08-17,
Measurement, 83.83, 21:37:32, 2017-08-17,
Measurement, 81.3, 21:37:21, 2017-08-17,
Measurement, 84.4, 21:37:11, 2017-08-17,
Measurement, 89.3, 21:37:01, 2017-08-17,
Measurement, 82.25, 21:36:50, 2017-08-17,
Measurement, 83.83, 21:36:40, 2017-08-17,
Measurement, 89.02, 21:36:29, 2017-08-17,
Measurement, 93.75, 21:36:19, 2017-08-17,
Measurement, 92.39, 21:36:09, 2017-08-17,
Measurement, 88.04, 21:35:58, 2017-08-17,
Measurement, 87.36, 21:35:48, 2017-08-17,
Measurement, 88.72, 21:35:37, 2017-08-17,
Measurement, 84.51, 21:35:27, 2017-08-17,
Measurement, 83.0, 21:35:17, 2017-08-17,
Measurement, 82.94, 21:35:06, 2017-08-17,
Measurement, 85.19, 21:34:56, 2017-08-17,
Measurement, 86.79, 21:34:45, 2017-08-17,
Measurement, 84.75, 21:34:35, 2017-08-17,
Measurement, 93.56, 21:34:25, 2017-08-17,
Measurement, 88.06, 21:34:14, 2017-08-17,
Measurement, 88.71, 21:34:04, 2017-08-17,
Measurement, 89.35, 21:33:53, 2017-08-17,
Measurement, 88.18, 21:33:43, 2017-08-17,
Measurement, 89.07, 21:33:33, 2017-08-17,
Measurement, 88.05, 21:33:22, 2017-08-17,
Measurement, 85.22, 21:33:12, 2017-08-17,
Measurement, 85.63, 21:33:01, 2017-08-17,
Measurement, 88.7, 21:32:51, 2017-08-17,
Measurement, 96.71, 21:32:41, 2017-08-17,
Measurement, 97.46, 21:32:30, 2017-08-17,
Measurement, 83.58, 21:32:20, 2017-08-17,
Measurement, 91.74, 21:32:09, 2017-08-17,
Measurement, 86.01, 21:31:59, 2017-08-17,
Measurement, 85.14, 21:31:49, 2017-08-17,
Measurement, 91.41, 21:31:38, 2017-08-17,
Measurement, 86.08, 21:31:28, 2017-08-17,
Measurement, 86.13, 21:31:17, 2017-08-17,
Measurement, 87.11, 21:31:07, 2017-08-17,
Measurement, 91.25, 21:30:56, 2017-08-17,
Measurement, 89.85, 21:30:46, 2017-08-17,
Measurement, 93.37, 21:30:36, 2017-08-17,
Measurement, 86.6, 21:30:25, 2017-08-17,
Measurement, 90.48, 21:30:15, 2017-08-17,
Measurement, 92.15, 21:30:05, 2017-08-17,
Measurement, 91.23, 21:29:54, 2017-08-17,
Measurement, 90.23, 21:29:44, 2017-08-17,
Measurement, 88.77, 21:29:33, 2017-08-17,
Measurement, 101.08, 21:29:23, 2017-08-17,
Measurement, 106.6, 21:29:12, 2017-08-17,
Measurement, 96.28, 21:29:02, 2017-08-17,
Measurement, 88.92, 21:28:52, 2017-08-17,
Measurement, 90.71, 21:28:41, 2017-08-17,
Measurement, 95.32, 21:28:31, 2017-08-17,
Measurement, 94.02, 21:28:20, 2017-08-17,
Measurement, 87.65, 21:28:10, 2017-08-17,
Measurement, 86.06, 21:28:00, 2017-08-17,
Measurement, 104.63, 21:27:49, 2017-08-17,
Measurement, 103.94, 21:27:39, 2017-08-17,
Measurement, 108.65, 21:27:28, 2017-08-17,
Measurement, 92.73, 21:27:18, 2017-08-17,
Measurement, 90.51, 21:27:07, 2017-08-17,
Measurement, 83.53, 21:26:57, 2017-08-17,
Measurement, 86.22, 21:26:47, 2017-08-17,
Measurement, 97.2, 21:26:36, 2017-08-17,
Measurement, 103.45, 21:26:26, 2017-08-17,
Measurement, 98.75, 21:26:16, 2017-08-17,
Measurement, 94.08, 21:26:05, 2017-08-17,
Measurement, 90.93, 21:25:55, 2017-08-17,
Measurement, 92.05, 21:25:44, 2017-08-17,
Measurement, 90.21, 21:25:34, 2017-08-17,
Measurement, 86.7, 21:25:24, 2017-08-17,
Measurement, 90.44, 21:25:13, 2017-08-17,
Measurement, 91.19, 21:25:03, 2017-08-17,
Measurement, 89.0, 21:24:52, 2017-08-17,
Measurement, 88.41, 21:24:42, 2017-08-17,
Measurement, 92.75, 21:24:32, 2017-08-17,
Measurement, 94.61, 21:24:21, 2017-08-17,
Measurement, 96.46, 21:24:11, 2017-08-17,
Measurement, 95.43, 21:24:00, 2017-08-17,
Measurement, 92.63, 21:23:50, 2017-08-17,
Measurement, 93.4, 21:23:40, 2017-08-17,
Measurement, 90.2, 21:23:29, 2017-08-17,
Measurement, 96.18, 21:23:19, 2017-08-17,
Measurement, 95.84, 21:23:08, 2017-08-17,
Measurement, 96.18, 21:22:58, 2017-08-17,
Measurement, 97.25, 21:22:48, 2017-08-17,
Measurement, 101.94, 21:22:37, 2017-08-17,
Measurement, 91.63, 21:22:27, 2017-08-17,
Measurement, 81.63, 21:22:16, 2017-08-17,
Measurement, 91.91, 21:22:06, 2017-08-17,
Measurement, 96.17, 21:21:56, 2017-08-17,
Measurement, 91.67, 21:21:45, 2017-08-17,
Measurement, 94.2, 21:21:35, 2017-08-17,
Measurement, 100.18, 21:21:24, 2017-08-17,
Measurement, 94.93, 21:21:14, 2017-08-17,
Measurement, 92.36, 21:21:04, 2017-08-17,
Measurement, 90.77, 21:20:53, 2017-08-17,
Measurement, 91.22, 21:20:43, 2017-08-17,
Measurement, 93.09, 21:20:32, 2017-08-17,
Measurement, 88.63, 21:20:22, 2017-08-17,
Measurement, 87.67, 21:20:12, 2017-08-17,
Measurement, 92.36, 21:20:01, 2017-08-17,
Measurement, 93.31, 21:19:51, 2017-08-17,
Measurement, 94.44, 21:19:41, 2017-08-17,
Measurement, 91.58, 21:19:30, 2017-08-17,
Measurement, 92.45, 21:19:20, 2017-08-17,
Measurement, 94.13, 21:19:09, 2017-08-17,
Measurement, 91.66, 21:18:59, 2017-08-17,
Measurement, 85.83, 21:18:49, 2017-08-17,
Measurement, 90.99, 21:18:38, 2017-08-17,
Measurement, 98.07, 21:18:28, 2017-08-17,
Measurement, 93.62, 21:18:17, 2017-08-17,
Measurement, 93.06, 21:18:07, 2017-08-17,
Measurement, 92.55, 21:17:57, 2017-08-17,
Measurement, 86.91, 21:17:46, 2017-08-17,
Measurement, 93.65, 21:17:36, 2017-08-17,
Measurement, 89.96, 21:17:25, 2017-08-17,
Measurement, 93.16, 21:17:15, 2017-08-17,
Measurement, 103.08, 21:17:05, 2017-08-17,
Measurement, 97.57, 21:16:54, 2017-08-17,
Measurement, 94.57, 21:16:44, 2017-08-17,
Measurement, 90.91, 21:16:34, 2017-08-17,
Measurement, 91.69, 21:16:23, 2017-08-17,
Measurement, 93.1, 21:16:13, 2017-08-17,
Measurement, 90.07, 21:16:02, 2017-08-17,
Measurement, 90.81, 21:15:52, 2017-08-17,
Measurement, 96.17, 21:15:42, 2017-08-17,
Measurement, 101.88, 21:15:31, 2017-08-17,
Measurement, 100.51, 21:15:21, 2017-08-17,
Measurement, 97.3, 21:15:11, 2017-08-17,
Measurement, 95.27, 21:15:00, 2017-08-17,
Measurement, 95.11, 21:14:50, 2017-08-17,
Measurement, 94.3, 21:14:39, 2017-08-17,
Measurement, 97.03, 21:14:29, 2017-08-17,
Measurement, 98.54, 21:14:19, 2017-08-17,
Measurement, 93.35, 21:14:08, 2017-08-17,
Measurement, 93.85, 21:13:58, 2017-08-17,
Measurement, 94.98, 21:13:48, 2017-08-17,
Measurement, 97.96, 21:13:37, 2017-08-17,
Measurement, 95.25, 21:13:27, 2017-08-17,
Measurement, 91.72, 21:13:16, 2017-08-17,
Measurement, 96.45, 21:13:06, 2017-08-17,
Measurement, 97.59, 21:12:56, 2017-08-17,
Measurement, 99.01, 21:12:45, 2017-08-17,
Measurement, 97.76, 21:12:35, 2017-08-17,
Measurement, 95.98, 21:12:24, 2017-08-17,
Measurement, 95.68, 21:12:14, 2017-08-17,
Measurement, 95.98, 21:12:04, 2017-08-17,
Measurement, 95.01, 21:11:53, 2017-08-17,
Measurement, 95.34, 21:11:43, 2017-08-17,
Measurement, 92.22, 21:11:33, 2017-08-17,
Measurement, 84.45, 21:11:22, 2017-08-17,
Measurement, 96.96, 21:11:12, 2017-08-17,
Measurement, 98.3, 21:11:01, 2017-08-17,
Measurement, 99.54, 21:10:51, 2017-08-17,
Measurement, 101.29, 21:10:41, 2017-08-17,
Measurement, 97.81, 21:10:30, 2017-08-17,
Measurement, 96.12, 21:10:20, 2017-08-17,
Measurement, 97.1, 21:10:10, 2017-08-17,
Measurement, 97.63, 21:09:59, 2017-08-17,
Measurement, 93.08, 21:09:49, 2017-08-17,
Measurement, 88.09, 21:09:38, 2017-08-17,
Measurement, 99.85, 21:09:28, 2017-08-17,
Measurement, 102.98, 21:09:18, 2017-08-17,
Measurement, 102.19, 21:09:07, 2017-08-17,
Measurement, 105.75, 21:08:57, 2017-08-17,
Measurement, 102.83, 21:08:47, 2017-08-17,
Measurement, 100.4, 21:08:36, 2017-08-17,
Measurement, 89.99, 21:08:26, 2017-08-17,
Measurement, 97.16, 21:08:15, 2017-08-17,
Measurement, 103.61, 21:08:05, 2017-08-17,
Measurement, 103.55, 21:07:55, 2017-08-17,
Measurement, 102.46, 21:07:44, 2017-08-17,
Measurement, 98.95, 21:07:34, 2017-08-17,
Measurement, 102.36, 21:07:24, 2017-08-17,
Measurement, 100.14, 21:07:13, 2017-08-17,
Measurement, 102.17, 21:07:03, 2017-08-17,
Measurement, 101.18, 21:06:52, 2017-08-17,
Measurement, 101.87, 21:06:42, 2017-08-17,
Measurement, 100.4, 21:06:31, 2017-08-17,
Measurement, 94.83, 21:06:21, 2017-08-17,
Measurement, 98.4, 21:06:11, 2017-08-17,
Measurement, 100.25, 21:06:00, 2017-08-17,
Measurement, 99.8, 21:05:50, 2017-08-17,
Measurement, 100.16, 21:05:40, 2017-08-17,
Measurement, 101.54, 21:05:29, 2017-08-17,
Measurement, 96.92, 21:05:19, 2017-08-17,
Measurement, 98.11, 21:05:09, 2017-08-17,
Measurement, 97.66, 21:04:58, 2017-08-17,
Measurement, 94.54, 21:04:48, 2017-08-17,
Measurement, 92.62, 21:04:37, 2017-08-17,
Measurement, 94.17, 21:04:27, 2017-08-17,
Measurement, 98.18, 21:04:17, 2017-08-17,
Measurement, 96.53, 21:04:06, 2017-08-17,
Measurement, 98.1, 21:03:56, 2017-08-17,
Measurement, 95.44, 21:03:46, 2017-08-17,
Measurement, 95.7, 21:03:35, 2017-08-17,
Measurement, 94.96, 21:03:25, 2017-08-17,
Measurement, 105.14, 21:03:14, 2017-08-17,
Measurement, 100.94, 21:03:04, 2017-08-17,
Measurement, 100.26, 21:02:54, 2017-08-17,
Measurement, 95.71, 21:02:43, 2017-08-17,
Measurement, 96.75, 21:02:33, 2017-08-17,
Measurement, 96.59, 21:02:23, 2017-08-17,
Measurement, 97.15, 21:02:12, 2017-08-17,
Measurement, 97.11, 21:02:02, 2017-08-17,
Measurement, 95.61, 21:01:51, 2017-08-17,
Measurement, 96.04, 21:01:41, 2017-08-17,
Measurement, 98.54, 21:01:31, 2017-08-17,
Measurement, 111.06, 21:01:20, 2017-08-17,
Measurement, 102.45, 21:01:10, 2017-08-17,
Measurement, 90.47, 21:01:00, 2017-08-17,
Measurement, 92.08, 21:00:49, 2017-08-17,
Measurement, 99.41, 21:00:39, 2017-08-17,
Measurement, 106.09, 21:00:29, 2017-08-17,
Measurement, 104.71, 21:00:18, 2017-08-17,
Measurement, 103.46, 21:00:08, 2017-08-17,
Measurement, 96.16, 20:59:58, 2017-08-17,
Measurement, 94.25, 20:59:47, 2017-08-17,
Measurement, 101.43, 20:59:37, 2017-08-17,
Measurement, 98.44, 20:59:26, 2017-08-17,
Measurement, 97.25, 20:59:16, 2017-08-17,
Measurement, 103.45, 20:59:06, 2017-08-17,
Measurement, 101.52, 20:58:55, 2017-08-17,
Measurement, 92.02, 20:58:45, 2017-08-17,
Measurement, 89.94, 20:58:35, 2017-08-17,
Measurement, 95.27, 20:58:24, 2017-08-17,
Measurement, 96.69, 20:58:14, 2017-08-17,
Measurement, 95.1, 20:58:04, 2017-08-17,
Measurement, 94.7, 20:57:53, 2017-08-17,
Measurement, 86.16, 20:57:43, 2017-08-17,
Measurement, 92.74, 20:57:32, 2017-08-17,
Measurement, 109.49, 20:57:22, 2017-08-17,
Measurement, 97.48, 20:57:12, 2017-08-17,
Measurement, 95.91, 20:57:01, 2017-08-17,
Measurement, 102.35, 20:56:51, 2017-08-17,
Measurement, 104.79, 20:56:41, 2017-08-17,
Measurement, 93.31, 20:56:30, 2017-08-17,
Measurement, 94.98, 20:56:20, 2017-08-17,
Measurement, 94.88, 20:56:10, 2017-08-17,
Measurement, 96.5, 20:55:59, 2017-08-17,
Measurement, 94.91, 20:55:49, 2017-08-17,
Measurement, 91.74, 20:55:38, 2017-08-17,
Measurement, 95.94, 20:55:28, 2017-08-17,
Measurement, 93.73, 20:55:18, 2017-08-17,
Measurement, 90.83, 20:55:07, 2017-08-17,
Measurement, 92.36, 20:54:57, 2017-08-17,
Measurement, 93.45, 20:54:47, 2017-08-17,
Measurement, 98.41, 20:54:36, 2017-08-17,
Measurement, 104.86, 20:54:26, 2017-08-17,
Measurement, 103.09, 20:54:15, 2017-08-17,
Measurement, 100.97, 20:54:05, 2017-08-17,
Measurement, 95.1, 20:53:55, 2017-08-17,
Measurement, 94.56, 20:53:44, 2017-08-17,
Measurement, 92.58, 20:53:34, 2017-08-17,
Measurement, 90.28, 20:53:24, 2017-08-17,
Measurement, 92.96, 20:53:13, 2017-08-17,
Measurement, 86.55, 20:53:03, 2017-08-17,
Measurement, 92.57, 20:52:53, 2017-08-17,
Measurement, 93.43, 20:52:42, 2017-08-17,
Measurement, 96.21, 20:52:32, 2017-08-17,
Measurement, 92.21, 20:52:22, 2017-08-17,
Measurement, 86.59, 20:52:11, 2017-08-17,
Measurement, 86.56, 20:52:01, 2017-08-17,
Measurement, 90.95, 20:51:50, 2017-08-17,
Measurement, 104.09, 20:51:40, 2017-08-17,
Measurement, 112.08, 20:51:30, 2017-08-17,
Measurement, 99.96, 20:51:19, 2017-08-17,
Measurement, 85.34, 20:51:09, 2017-08-17,
Measurement, 93.24, 20:50:59, 2017-08-17,
Measurement, 86.99, 20:50:48, 2017-08-17,
Measurement, 86.02, 20:50:38, 2017-08-17,
Measurement, 86.21, 20:50:28, 2017-08-17,
Measurement, 85.77, 20:50:17, 2017-08-17,
Measurement, 88.25, 20:50:07, 2017-08-17,
Measurement, 88.47, 20:49:57, 2017-08-17,
Measurement, 92.43, 20:49:46, 2017-08-17,
Measurement, 104.22, 20:49:36, 2017-08-17,
Measurement, 98.87, 20:49:26, 2017-08-17,
Measurement, 97.9, 20:49:15, 2017-08-17,
Measurement, 88.65, 20:49:05, 2017-08-17,
Measurement, 90.06, 20:48:55, 2017-08-17,
Measurement, 91.4, 20:48:44, 2017-08-17,
Measurement, 85.15, 20:48:34, 2017-08-17,
Measurement, 89.88, 20:48:23, 2017-08-17,
Measurement, 86.68, 20:48:13, 2017-08-17,
Measurement, 92.11, 20:48:03, 2017-08-17,
Measurement, 93.08, 20:47:52, 2017-08-17,
Measurement, 92.42, 20:47:42, 2017-08-17,
Measurement, 95.89, 20:47:32, 2017-08-17,
Measurement, 98.36, 20:47:21, 2017-08-17,
Measurement, 93.14, 20:47:11, 2017-08-17,
Measurement, 90.54, 20:47:01, 2017-08-17,
Measurement, 94.6, 20:46:50, 2017-08-17,
Measurement, 99.71, 20:46:40, 2017-08-17,
Measurement, 96.21, 20:46:30, 2017-08-17,
Measurement, 96.64, 20:46:19, 2017-08-17,
Measurement, 95.57, 20:46:09, 2017-08-17,
Measurement, 97.66, 20:45:59, 2017-08-17,
Measurement, 96.81, 20:45:48, 2017-08-17,
Measurement, 97.8, 20:45:38, 2017-08-17,
Measurement, 98.05, 20:45:28, 2017-08-17,
Measurement, 99.24, 20:45:17, 2017-08-17,
Measurement, 97.24, 20:45:07, 2017-08-17,
Measurement, 99.3, 20:44:57, 2017-08-17,
Measurement, 99.01, 20:44:46, 2017-08-17,
Measurement, 100.43, 20:44:36, 2017-08-17,
Measurement, 100.17, 20:44:26, 2017-08-17,
Measurement, 100.78, 20:44:15, 2017-08-17,
Measurement, 104.12, 20:44:05, 2017-08-17,
Measurement, 98.76, 20:43:55, 2017-08-17,
Measurement, 100.72, 20:43:44, 2017-08-17,
Measurement, 100.74, 20:43:34, 2017-08-17,
Measurement, 99.83, 20:43:24, 2017-08-17,
Measurement, 102.54, 20:43:13, 2017-08-17,
Measurement, 98.43, 20:43:03, 2017-08-17,
Measurement, 94.93, 20:42:53, 2017-08-17,
Measurement, 107.66, 20:42:42, 2017-08-17,
Measurement, 102.69, 20:42:32, 2017-08-17,
Measurement, 101.57, 20:42:22, 2017-08-17,
Measurement, 93.61, 20:42:11, 2017-08-17,
Measurement, 92.25, 20:42:01, 2017-08-17,
Measurement, 94.27, 20:41:51, 2017-08-17,
Measurement, 96.51, 20:41:40, 2017-08-17,
Measurement, 97.21, 20:41:30, 2017-08-17,
Measurement, 113.76, 20:41:20, 2017-08-17,
Measurement, 110.75, 20:41:09, 2017-08-17,
Measurement, 101.72, 20:40:59, 2017-08-17,
Measurement, 97.97, 20:40:48, 2017-08-17,
Measurement, 99.53, 20:40:38, 2017-08-17,
Measurement, 93.37, 20:40:28, 2017-08-17,
Measurement, 95.81, 20:40:18, 2017-08-17,
Measurement, 95.62, 20:40:07, 2017-08-17,
Measurement, 97.46, 20:39:57, 2017-08-17,
Measurement, 96.04, 20:39:46, 2017-08-17,
Measurement, 101.44, 20:39:36, 2017-08-17,
Measurement, 104.67, 20:39:26, 2017-08-17,
Measurement, 100.21, 20:39:16, 2017-08-17,
Measurement, 103.01, 20:39:05, 2017-08-17,
Measurement, 98.53, 20:38:55, 2017-08-17,
Measurement, 96.83, 20:38:44, 2017-08-17,
Measurement, 96.76, 20:38:34, 2017-08-17,
Measurement, 93.29, 20:38:24, 2017-08-17,
Measurement, 99.13, 20:38:13, 2017-08-17,
Measurement, 100.32, 20:38:03, 2017-08-17,
Measurement, 95.62, 20:37:53, 2017-08-17,
Measurement, 89.96, 20:37:42, 2017-08-17,
Measurement, 90.1, 20:37:32, 2017-08-17,
Measurement, 91.64, 20:37:22, 2017-08-17,
Measurement, 92.13, 20:37:11, 2017-08-17,
Measurement, 94.46, 20:37:01, 2017-08-17,
Measurement, 106.73, 20:36:51, 2017-08-17,
Measurement, 107.22, 20:36:40, 2017-08-17,
Measurement, 92.7, 20:36:30, 2017-08-17,
Measurement, 93.14, 20:36:20, 2017-08-17,
Measurement, 95.84, 20:36:09, 2017-08-17,
Measurement, 96.43, 20:35:59, 2017-08-17,
Measurement, 93.52, 20:35:49, 2017-08-17,
Measurement, 96.71, 20:35:38, 2017-08-17,
Measurement, 99.23, 20:35:28, 2017-08-17,
Measurement, 98.12, 20:35:18, 2017-08-17,
Measurement, 95.53, 20:35:07, 2017-08-17,
Measurement, 92.66, 20:34:57, 2017-08-17,
Measurement, 100.67, 20:34:47, 2017-08-17,
Measurement, 100.12, 20:34:36, 2017-08-17,
Measurement, 95.54, 20:34:26, 2017-08-17,
Measurement, 96.5, 20:34:16, 2017-08-17,
Measurement, 94.5, 20:34:05, 2017-08-17,
Measurement, 94.24, 20:33:55, 2017-08-17,
Measurement, 94.04, 20:33:45, 2017-08-17,
Measurement, 95.24, 20:33:34, 2017-08-17,
Measurement, 96.45, 20:33:24, 2017-08-17,
Measurement, 96.43, 20:33:14, 2017-08-17,
Measurement, 96.5, 20:33:04, 2017-08-17,
Measurement, 95.99, 20:32:53, 2017-08-17,
Measurement, 95.83, 20:32:43, 2017-08-17,
Measurement, 95.58, 20:32:32, 2017-08-17,
Measurement, 102.59, 20:32:22, 2017-08-17,
Measurement, 102.44, 20:32:12, 2017-08-17,
Measurement, 100.98, 20:32:02, 2017-08-17,
Measurement, 101.04, 20:31:51, 2017-08-17,
Measurement, 95.74, 20:31:41, 2017-08-17,
Measurement, 99.27, 20:31:31, 2017-08-17,
Measurement, 100.99, 20:31:20, 2017-08-17,
Measurement, 101.46, 20:31:10, 2017-08-17,
Measurement, 93.32, 20:31:00, 2017-08-17,
Measurement, 91.5, 20:30:49, 2017-08-17,
Measurement, 98.3, 20:30:39, 2017-08-17,
Measurement, 90.46, 20:30:29, 2017-08-17,
Measurement, 109.4, 20:30:18, 2017-08-17,
Measurement, 102.03, 20:30:08, 2017-08-17,
Measurement, 91.79, 20:29:58, 2017-08-17,
Measurement, 95.35, 20:29:47, 2017-08-17,
Measurement, 96.37, 20:29:37, 2017-08-17,
Measurement, 87.38, 20:29:27, 2017-08-17,
Measurement, 93.35, 20:29:16, 2017-08-17,
Measurement, 88.35, 20:29:06, 2017-08-17,
Measurement, 91.06, 20:28:56, 2017-08-17,
Measurement, 92.22, 20:28:45, 2017-08-17,
Measurement, 95.89, 20:28:35, 2017-08-17,
Measurement, 111.6, 20:28:25, 2017-08-17,
Measurement, 105.22, 20:28:14, 2017-08-17,
Measurement, 88.08, 20:28:04, 2017-08-17,
Measurement, 95.79, 20:27:54, 2017-08-17,
Measurement, 94.34, 20:27:43, 2017-08-17,
Measurement, 93.83, 20:27:33, 2017-08-17,
Measurement, 91.54, 20:27:23, 2017-08-17,
Measurement, 92.06, 20:27:13, 2017-08-17,
Measurement, 95.44, 20:27:02, 2017-08-17,
Measurement, 95.46, 20:26:52, 2017-08-17,
Measurement, 98.53, 20:26:42, 2017-08-17,
Measurement, 102.42, 20:26:31, 2017-08-17,
Measurement, 103.36, 20:26:21, 2017-08-17,
Measurement, 98.46, 20:26:11, 2017-08-17,
Measurement, 104.29, 20:26:00, 2017-08-17,
Measurement, 101.14, 20:25:50, 2017-08-17,
Measurement, 97.25, 20:25:40, 2017-08-17,
Measurement, 95.96, 20:25:29, 2017-08-17,
Measurement, 96.74, 20:25:19, 2017-08-17,
Measurement, 102.14, 20:25:09, 2017-08-17,
Measurement, 97.64, 20:24:58, 2017-08-17,
Measurement, 84.76, 20:24:48, 2017-08-17,
Measurement, 90.59, 20:24:38, 2017-08-17,
Measurement, 89.1, 20:24:27, 2017-08-17,
Measurement, 88.32, 20:24:17, 2017-08-17,
Measurement, 88.95, 20:24:07, 2017-08-17,
Measurement, 87.07, 20:23:56, 2017-08-17,
Measurement, 83.97, 20:23:46, 2017-08-17,
Measurement, 102.91, 20:23:36, 2017-08-17,
Measurement, 102.59, 20:23:25, 2017-08-17,
Measurement, 109.76, 20:23:15, 2017-08-17,
Measurement, 93.46, 20:23:05, 2017-08-17,
Measurement, 95.23, 20:22:55, 2017-08-17,
Measurement, 95.54, 20:22:44, 2017-08-17,
Measurement, 100.41, 20:22:34, 2017-08-17,
Measurement, 95.51, 20:22:24, 2017-08-17,
Measurement, 98.44, 20:22:13, 2017-08-17,
Measurement, 104.55, 20:22:03, 2017-08-17,
Measurement, 99.79, 20:21:53, 2017-08-17,
Measurement, 98.88, 20:21:42, 2017-08-17,
Measurement, 96.61, 20:21:32, 2017-08-17,
Measurement, 97.15, 20:21:22, 2017-08-17,
Measurement, 97.1, 20:21:11, 2017-08-17,
Measurement, 104.93, 20:21:01, 2017-08-17,
Measurement, 107.25, 20:20:51, 2017-08-17,
Measurement, 99.18, 20:20:40, 2017-08-17,
Measurement, 108.56, 20:20:30, 2017-08-17,
Measurement, 107.43, 20:20:20, 2017-08-17,
Measurement, 99.34, 20:20:10, 2017-08-17,
Measurement, 96.46, 20:19:59, 2017-08-17,
Measurement, 103.31, 20:19:49, 2017-08-17,
Measurement, 101.58, 20:19:39, 2017-08-17,
Measurement, 102.46, 20:19:28, 2017-08-17,
Measurement, 101.13, 20:19:18, 2017-08-17,
Measurement, 104.23, 20:19:08, 2017-08-17,
Measurement, 105.39, 20:18:57, 2017-08-17,
Measurement, 95.94, 20:18:47, 2017-08-17,
Measurement, 104.54, 20:18:37, 2017-08-17,
Measurement, 95.78, 20:18:26, 2017-08-17,
Measurement, 100.62, 20:18:16, 2017-08-17,
Measurement, 102.2, 20:18:06, 2017-08-17,
Measurement, 106.07, 20:17:56, 2017-08-17,
Measurement, 104.64, 20:17:45, 2017-08-17,
Measurement, 106.12, 20:17:35, 2017-08-17,
Measurement, 102.21, 20:17:25, 2017-08-17,
Measurement, 102.59, 20:17:14, 2017-08-17,
Measurement, 119.77, 20:17:04, 2017-08-17,
Measurement, 113.58, 20:16:54, 2017-08-17,
Measurement, 105.03, 20:16:43, 2017-08-17,
Measurement, 92.37, 20:16:33, 2017-08-17,
Measurement, 83.14, 20:16:23, 2017-08-17,
Measurement, 104.51, 20:16:12, 2017-08-17,
Measurement, 100.58, 20:16:02, 2017-08-17,
Measurement, 102.39, 20:15:52, 2017-08-17,
Measurement, 102.78, 20:15:42, 2017-08-17,
Measurement, 101.0, 20:15:31, 2017-08-17,
Measurement, 103.03, 20:15:21, 2017-08-17,
Measurement, 107.93, 20:15:11, 2017-08-17,
Measurement, 101.88, 20:15:00, 2017-08-17,
Measurement, 102.08, 20:14:50, 2017-08-17,
Measurement, 105.45, 20:14:40, 2017-08-17,
Measurement, 102.52, 20:14:29, 2017-08-17,
Measurement, 100.44, 20:14:19, 2017-08-17,
Measurement, 96.43, 20:14:09, 2017-08-17,
Measurement, 97.71, 20:13:59, 2017-08-17,
Measurement, 98.46, 20:13:48, 2017-08-17,
Measurement, 98.03, 20:13:38, 2017-08-17,
Measurement, 103.62, 20:13:28, 2017-08-17,
Measurement, 102.7, 20:13:17, 2017-08-17,
Measurement, 102.68, 20:13:07, 2017-08-17,
Measurement, 104.61, 20:12:57, 2017-08-17,
Measurement, 104.45, 20:12:46, 2017-08-17,
Measurement, 105.41, 20:12:36, 2017-08-17,
Measurement, 102.16, 20:12:26, 2017-08-17,
Measurement, 103.31, 20:12:16, 2017-08-17,
Measurement, 94.01, 20:12:05, 2017-08-17,
Measurement, 93.33, 20:11:55, 2017-08-17,
Measurement, 89.93, 20:11:45, 2017-08-17,
Measurement, 87.33, 20:11:34, 2017-08-17,
Measurement, 99.54, 20:11:24, 2017-08-17,
Measurement, 103.15, 20:11:14, 2017-08-17,
Measurement, 101.45, 20:11:03, 2017-08-17,
Measurement, 98.14, 20:10:53, 2017-08-17,
Measurement, 96.06, 20:10:43, 2017-08-17,
Measurement, 99.67, 20:10:33, 2017-08-17,
Measurement, 100.78, 20:10:22, 2017-08-17,
Measurement, 98.91, 20:10:12, 2017-08-17,
Measurement, 100.76, 20:10:02, 2017-08-17,
Measurement, 106.86, 20:09:51, 2017-08-17,
Measurement, 102.68, 20:09:41, 2017-08-17,
Measurement, 98.75, 20:09:31, 2017-08-17,
Measurement, 99.93, 20:09:21, 2017-08-17,
Measurement, 99.41, 20:09:10, 2017-08-17,
Measurement, 100.62, 20:09:00, 2017-08-17,
Measurement, 105.12, 20:08:50, 2017-08-17,
Measurement, 95.39, 20:08:39, 2017-08-17,
Measurement, 110.8, 20:08:29, 2017-08-17,
Measurement, 108.94, 20:08:19, 2017-08-17,
Measurement, 106.86, 20:08:08, 2017-08-17,
Measurement, 112.57, 20:07:58, 2017-08-17,
Measurement, 109.2, 20:07:48, 2017-08-17,
Measurement, 119.7, 20:07:37, 2017-08-17,
Measurement, 112.91, 20:07:27, 2017-08-17,
Measurement, 102.15, 20:07:17, 2017-08-17,
Measurement, 100.28, 20:07:07, 2017-08-17,
Measurement, 100.36, 20:06:56, 2017-08-17,
Measurement, 102.91, 20:06:46, 2017-08-17,
Measurement, 101.01, 20:06:36, 2017-08-17,
Measurement, 99.05, 20:06:25, 2017-08-17,
Measurement, 97.44, 20:06:15, 2017-08-17,
Measurement, 98.3, 20:06:05, 2017-08-17,
Measurement, 100.83, 20:05:55, 2017-08-17,
Measurement, 96.84, 20:05:44, 2017-08-17,
Measurement, 94.8, 20:05:34, 2017-08-17,
Measurement, 94.97, 20:05:24, 2017-08-17,
Measurement, 99.75, 20:05:13, 2017-08-17,
Measurement, 98.45, 20:05:03, 2017-08-17,
Measurement, 95.21, 20:04:53, 2017-08-17,
Measurement, 93.21, 20:04:43, 2017-08-17,
Measurement, 103.65, 20:04:32, 2017-08-17,
Measurement, 102.23, 20:04:22, 2017-08-17,
Measurement, 102.41, 20:04:12, 2017-08-17,
Measurement, 102.02, 20:04:01, 2017-08-17,
Measurement, 98.15, 20:03:51, 2017-08-17,
Measurement, 101.12, 20:03:41, 2017-08-17,
Measurement, 94.71, 20:03:31, 2017-08-17,
Measurement, 109.17, 20:03:20, 2017-08-17,
Measurement, 107.29, 20:03:10, 2017-08-17,
Measurement, 106.49, 20:03:00, 2017-08-17,
Measurement, 95.1, 20:02:49, 2017-08-17,
Measurement, 101.94, 20:02:39, 2017-08-17,
Measurement, 107.68, 20:02:29, 2017-08-17,
Measurement, 101.16, 20:02:19, 2017-08-17,
Measurement, 97.52, 20:02:08, 2017-08-17,
Measurement, 96.07, 20:01:58, 2017-08-17,
Measurement, 105.04, 20:01:48, 2017-08-17,
Measurement, 109.05, 20:01:37, 2017-08-17,
Measurement, 102.6, 20:01:27, 2017-08-17,
Measurement, 108.61, 20:01:17, 2017-08-17,
Measurement, 105.01, 20:01:07, 2017-08-17,
Measurement, 103.51, 20:00:56, 2017-08-17,
Measurement, 101.61, 20:00:46, 2017-08-17,
Measurement, 103.53, 20:00:36, 2017-08-17,
Measurement, 100.76, 20:00:25, 2017-08-17,
Measurement, 104.16, 20:00:15, 2017-08-17,
Measurement, 107.16, 20:00:05, 2017-08-17,
Measurement, 100.69, 19:59:55, 2017-08-17,
Measurement, 98.97, 19:59:44, 2017-08-17,
Measurement, 98.23, 19:59:34, 2017-08-17,
Measurement, 103.8, 19:59:24, 2017-08-17,
Measurement, 103.68, 19:59:13, 2017-08-17,
Measurement, 98.11, 19:59:03, 2017-08-17,
Measurement, 90.45, 19:58:53, 2017-08-17,
Measurement, 91.47, 19:58:42, 2017-08-17,
Measurement, 97.13, 19:58:32, 2017-08-17,
Measurement, 101.59, 19:58:22, 2017-08-17,
Measurement, 113.28, 19:58:12, 2017-08-17,
Measurement, 99.12, 19:58:01, 2017-08-17,
Measurement, 98.19, 19:57:51, 2017-08-17,
Measurement, 109.3, 19:57:41, 2017-08-17,
Measurement, 103.4, 19:57:31, 2017-08-17,
Measurement, 90.05, 19:57:20, 2017-08-17,
Measurement, 108.79, 19:57:10, 2017-08-17,
Measurement, 114.43, 19:57:00, 2017-08-17,
Measurement, 107.71, 19:56:49, 2017-08-17,
Measurement, 104.0, 19:56:39, 2017-08-17,
Measurement, 100.82, 19:56:29, 2017-08-17,
Measurement, 97.06, 19:56:18, 2017-08-17,
Measurement, 105.34, 19:56:08, 2017-08-17,
Measurement, 104.3, 19:55:58, 2017-08-17,
Measurement, 107.55, 19:55:47, 2017-08-17,
Measurement, 102.67, 19:55:37, 2017-08-17,
Measurement, 105.85, 19:55:27, 2017-08-17,
Measurement, 107.88, 19:55:17, 2017-08-17,
Measurement, 108.07, 19:55:06, 2017-08-17,
Measurement, 113.42, 19:54:56, 2017-08-17,
Measurement, 115.44, 19:54:46, 2017-08-17,
Measurement, 107.62, 19:54:35, 2017-08-17,
Measurement, 103.28, 19:54:25, 2017-08-17,
Measurement, 107.03, 19:54:15, 2017-08-17,
Measurement, 102.35, 19:54:05, 2017-08-17,
Measurement, 98.41, 19:53:54, 2017-08-17,
Measurement, 98.05, 19:53:44, 2017-08-17,
Measurement, 102.7, 19:53:34, 2017-08-17,
Measurement, 102.85, 19:53:24, 2017-08-17,
Measurement, 104.05, 19:53:13, 2017-08-17,
Measurement, 107.61, 19:53:03, 2017-08-17,
Measurement, 103.03, 19:52:53, 2017-08-17,
Measurement, 98.58, 19:52:42, 2017-08-17,
Measurement, 98.82, 19:52:32, 2017-08-17,
Measurement, 104.71, 19:52:22, 2017-08-17,
Measurement, 108.31, 19:52:12, 2017-08-17,
Measurement, 105.01, 19:52:01, 2017-08-17,
Measurement, 98.73, 19:51:51, 2017-08-17,
Measurement, 102.0, 19:51:41, 2017-08-17,
Measurement, 103.34, 19:51:31, 2017-08-17,
Measurement, 102.53, 19:51:20, 2017-08-17,
Measurement, 102.38, 19:51:10, 2017-08-17,
Measurement, 102.79, 19:51:00, 2017-08-17,
Measurement, 100.23, 19:50:50, 2017-08-17,
Measurement, 97.16, 19:50:39, 2017-08-17,
Measurement, 94.92, 19:50:29, 2017-08-17,
Measurement, 107.03, 19:50:19, 2017-08-17,
Measurement, 106.67, 19:50:08, 2017-08-17,
Measurement, 96.88, 19:49:58, 2017-08-17,
Measurement, 97.02, 19:49:48, 2017-08-17,
Measurement, 95.48, 19:49:38, 2017-08-17,
Measurement, 98.97, 19:49:27, 2017-08-17,
Measurement, 99.51, 19:49:17, 2017-08-17,
Measurement, 102.53, 19:49:07, 2017-08-17,
Measurement, 106.43, 19:48:57, 2017-08-17,
Measurement, 101.53, 19:48:46, 2017-08-17,
Measurement, 101.17, 19:48:36, 2017-08-17,
Measurement, 95.36, 19:48:26, 2017-08-17,
Measurement, 97.79, 19:48:16, 2017-08-17,
Measurement, 101.7, 19:48:05, 2017-08-17,
Measurement, 105.32, 19:47:55, 2017-08-17,
Measurement, 101.93, 19:47:45, 2017-08-17,
Measurement, 111.55, 19:47:34, 2017-08-17,
Measurement, 108.2, 19:47:24, 2017-08-17,
Measurement, 106.67, 19:47:14, 2017-08-17,
Measurement, 107.6, 19:47:04, 2017-08-17,
Measurement, 106.71, 19:46:53, 2017-08-17,
Measurement, 105.28, 19:46:43, 2017-08-17,
Measurement, 103.77, 19:46:33, 2017-08-17,
Measurement, 100.43, 19:46:22, 2017-08-17,
Measurement, 98.2, 19:46:12, 2017-08-17,
Measurement, 100.67, 19:46:02, 2017-08-17,
Measurement, 105.5, 19:45:52, 2017-08-17,
Measurement, 101.12, 19:45:41, 2017-08-17,
Measurement, 99.45, 19:45:31, 2017-08-17,
Measurement, 102.18, 19:45:21, 2017-08-17,
Measurement, 100.69, 19:45:10, 2017-08-17,
Measurement, 98.28, 19:45:00, 2017-08-17,
Measurement, 107.69, 19:44:50, 2017-08-17,
Measurement, 104.86, 19:44:40, 2017-08-17,
Measurement, 106.5, 19:44:29, 2017-08-17,
Measurement, 107.33, 19:44:19, 2017-08-17,
Measurement, 108.45, 19:44:09, 2017-08-17,
Measurement, 102.7, 19:43:59, 2017-08-17,
Measurement, 98.95, 19:43:49, 2017-08-17,
Measurement, 99.15, 19:43:38, 2017-08-17,
Measurement, 96.69, 19:43:28, 2017-08-17,
Measurement, 108.83, 19:43:18, 2017-08-17,
Measurement, 103.1, 19:43:08, 2017-08-17,
Measurement, 110.44, 19:42:57, 2017-08-17,
Measurement, 108.63, 19:42:47, 2017-08-17,
Measurement, 107.63, 19:42:37, 2017-08-17,
Measurement, 103.07, 19:42:26, 2017-08-17,
Measurement, 102.27, 19:42:16, 2017-08-17,
Measurement, 104.29, 19:42:06, 2017-08-17,
Measurement, 103.11, 19:41:56, 2017-08-17,
Measurement, 105.12, 19:41:45, 2017-08-17,
Measurement, 109.53, 19:41:35, 2017-08-17,
Measurement, 98.49, 19:41:25, 2017-08-17,
Measurement, 103.8, 19:41:15, 2017-08-17,
Measurement, 105.77, 19:41:04, 2017-08-17,
Measurement, 100.76, 19:40:54, 2017-08-17,
Measurement, 102.55, 19:40:44, 2017-08-17,
Measurement, 100.01, 19:40:34, 2017-08-17,
Measurement, 101.44, 19:40:23, 2017-08-17,
Measurement, 98.15, 19:40:13, 2017-08-17,
Measurement, 98.56, 19:40:03, 2017-08-17,
Measurement, 99.08, 19:39:52, 2017-08-17,
Measurement, 103.46, 19:39:42, 2017-08-17,
Measurement, 100.43, 19:39:32, 2017-08-17,
Measurement, 106.69, 19:39:22, 2017-08-17,
Measurement, 101.5, 19:39:11, 2017-08-17,
Measurement, 102.74, 19:39:01, 2017-08-17,
Measurement, 96.4, 19:38:51, 2017-08-17,
Measurement, 98.34, 19:38:41, 2017-08-17,
Measurement, 100.9, 19:38:30, 2017-08-17,
Measurement, 85.44, 19:38:20, 2017-08-17,
Measurement, 93.06, 19:38:10, 2017-08-17,
Measurement, 95.51, 19:38:00, 2017-08-17,
Measurement, 98.52, 19:37:49, 2017-08-17,
Measurement, 100.79, 19:37:39, 2017-08-17,
